<?xml version="1.0" encoding="ISO-8859-1" ?>
<PL>
	<Letters>
		<Non-Terminals>
			<Letter name="defend" id="defend"></Letter>
			<Letter name="tactic" id="tactic"></Letter>
			<Letter name="position" id="position"></Letter>
			<Letter name="position" id="position1"></Letter>
			<Letter name="position" id="position2"></Letter>
			<Letter name="position" id="position3"></Letter>
			<Letter name="pass" id="pass"></Letter>
			<Letter name="kick" id="kick"></Letter>
			<Letter name="charge" id="charge"></Letter>
			<Letter name="goal" id="goal"></Letter>
			<Letter name="attack" id="attack"></Letter>
			<Letter name="score" id="score"></Letter>
			<Letter name="turn" id="turn"></Letter>
			<Letter name="turn" id="turn1"></Letter>
			<Letter name="turn" id="turn2"></Letter>
		</Non-Terminals>
		<Terminals>
			<Letter name="clear" id="clear"></Letter>
			<Letter name="approachball" id="approachball"></Letter>
			<Letter name="withball" id="withball"></Letter>
			<Letter name="withball" id="withball1"></Letter>
			<Letter name="withball" id="withball2"></Letter>
			<Letter name="withoutball" id="withoutball"></Letter>
			<Letter name="withoutball" id="withoutball1"></Letter>
			<Letter name="withoutball" id="withoutball2"></Letter>
			<Letter name="pass" id="pass"></Letter>
			<Letter name="kick" id="kick"></Letter>
		</Terminals>
	</Letters>
	
	<Recipes>
		<Recipe prob="0.3" lhs="root">
			<Order>
				<OrderCons firstIndex="2" secondIndex="3"/>
			</Order>
			<Equals>
				<EqualCons firstIndex="1" firstParam="s" secondIndex="2" secondParam="s"/>
				<EqualCons firstIndex="1" firstParam="s" secondIndex="3" secondParam="s"/>
			</Equals>
			<Letter id="defend" index="1"/>
			<Letter id="attack" index="2"/>
			<Letter id="score" index="3"/>
		</Recipe>
		
		<Recipe prob="0.1" lhs="defend">
			<Order>
				<OrderCons firstIndex="1" secondIndex="2"/>
				<OrderCons firstIndex="2" secondIndex="3"/>
				<OrderCons firstIndex="2" secondIndex="4"/>
				<OrderCons firstIndex="3" secondIndex="5"/>
				<OrderCons firstIndex="4" secondIndex="5"/>
			</Order>
			<Equals>
				<EqualCons firstIndex="0" firstParam="s" secondIndex="1" secondParam="s"/>
				<EqualCons firstIndex="0" firstParam="p" secondIndex="3" secondParam="p"/>
				<EqualCons firstIndex="0" firstParam="p" secondIndex="4" secondParam="p"/>
				<EqualCons firstIndex="0" firstParam="p" secondIndex="5" secondParam="p"/>
				<EqualCons firstIndex="1" firstParam="t" secondIndex="2" secondParam="t"/>
				<EqualCons firstIndex="1" firstParam="t" secondIndex="4" secondParam="t"/>
			</Equals>
			<Letter id="position" index="1"/>
			<Letter id="turn" index="2"/>
			<Letter id="clear" index="3"/>
			<Letter id="approachball" index="4"/>
			<Letter id="position1" index="5"/>
		</Recipe>	
		
		<Recipe prob="0.1" lhs="turn">
			<Equals>
				<EqualCons firstIndex="0" firstParam="s" secondIndex="1" secondParam="s"/>
				<EqualCons firstIndex="0" firstParam="s" secondIndex="2" secondParam="s"/>
				<EqualCons firstIndex="0" firstParam="d" secondIndex="1" secondParam="d"/>
				<EqualCons firstIndex="0" firstParam="d" secondIndex="2" secondParam="d"/>
				<EqualCons firstIndex="0" firstParam="ei" secondIndex="1" secondParam="ei"/>
				<EqualCons firstIndex="0" firstParam="ei" secondIndex="2" secondParam="ei"/>
			</Equals>
			<Letter id="withoutball" index="1"/>
			<Letter id="withball" index="2"/>
		</Recipe>
		
		<Recipe prob="0.1" lhs="attack">
			<Order>
				<OrderCons firstIndex="1" secondIndex="2"/>
			</Order>
			<Equals>
				<EqualCons firstIndex="0" firstParam="s" secondIndex="1" secondParam="s"/>
				<EqualCons firstIndex="0" firstParam="s" secondIndex="2" secondParam="s"/>
				<EqualCons firstIndex="0" firstParam="s" secondIndex="3" secondParam="s"/>
				<EqualCons firstIndex="0" firstParam="s" secondIndex="4" secondParam="s"/>
				<EqualCons firstIndex="0" firstParam="s" secondIndex="5" secondParam="s"/>
				<EqualCons firstIndex="0" firstParam="s" secondIndex="6" secondParam="s"/>
				<EqualCons firstIndex="2" firstParam="d" secondIndex="3" secondParam="d"/>
				<EqualCons firstIndex="2" firstParam="d" secondIndex="6" secondParam="d"/>
			</Equals>
			<Letter id="position2" index="1"/>
			<Letter id="turn1" index="2"/>
			<Letter id="pass" index="3"/>
		</Recipe>
		
		<Recipe prob="0.1" lhs="turn1">
			<Equals>
				<EqualCons firstIndex="0" firstParam="s" secondIndex="1" secondParam="s"/>
				<EqualCons firstIndex="0" firstParam="s" secondIndex="2" secondParam="s"/>
				<EqualCons firstIndex="0" firstParam="d" secondIndex="1" secondParam="d"/>
				<EqualCons firstIndex="0" firstParam="d" secondIndex="2" secondParam="d"/>
				<EqualCons firstIndex="0" firstParam="ei" secondIndex="1" secondParam="ei"/>
				<EqualCons firstIndex="0" firstParam="ei" secondIndex="2" secondParam="ei"/>
			</Equals>
			<Letter id="withoutball1" index="1"/>
			<Letter id="withball1" index="2"/>
		</Recipe>
		
		<Recipe prob="0.1" lhs="score">
			<Equals>
				<EqualCons firstIndex="0" firstParam="s" secondIndex="1" secondParam="s"/>
				<EqualCons firstIndex="0" firstParam="s" secondIndex="2" secondParam="s"/>
				<EqualCons firstIndex="0" firstParam="s" secondIndex="3" secondParam="s"/>
				<EqualCons firstIndex="0" firstParam="s" secondIndex="4" secondParam="s"/>
				<EqualCons firstIndex="0" firstParam="d" secondIndex="1" secondParam="d"/>
				<EqualCons firstIndex="0" firstParam="d" secondIndex="2" secondParam="d"/>
				<EqualCons firstIndex="0" firstParam="d" secondIndex="3" secondParam="d"/>
				<EqualCons firstIndex="0" firstParam="d" secondIndex="4" secondParam="d"/>
				<EqualCons firstIndex="0" firstParam="ei" secondIndex="1" secondParam="ei"/>
				<EqualCons firstIndex="0" firstParam="ei" secondIndex="2" secondParam="ei"/>
				<EqualCons firstIndex="0" firstParam="ei" secondIndex="3" secondParam="ei"/>
				<EqualCons firstIndex="0" firstParam="ei" secondIndex="4" secondParam="ei"/>
			</Equals>
			<Letter id="position3" index="1"/>
			<Letter id="turn2" index="2"/>
			<Letter id="kick" index="3"/>
		</Recipe>
	
		<Recipe prob="0.1" lhs="turn2">
			<Equals>
				<EqualCons firstIndex="0" firstParam="s" secondIndex="1" secondParam="s"/>
				<EqualCons firstIndex="0" firstParam="s" secondIndex="2" secondParam="s"/>
				<EqualCons firstIndex="0" firstParam="d" secondIndex="1" secondParam="d"/>
				<EqualCons firstIndex="0" firstParam="d" secondIndex="2" secondParam="d"/>
				<EqualCons firstIndex="0" firstParam="ei" secondIndex="1" secondParam="ei"/>
				<EqualCons firstIndex="0" firstParam="ei" secondIndex="2" secondParam="ei"/>
			</Equals>
			<Letter id="withoutball2" index="1"/>
			<Letter id="withball2" index="2"/>
		</Recipe>
	</Recipes>
</PL>
