<?xml version="1.0" encoding="UTF-8" standalone="no"?>
<hypotheses>
<hypothesis_1>
<node_path_1 label="position" param1="value1" param2="value2" time="1">
<basic_node label="root" param1="value1" param2="value2" time="1"/>
<basic_node label="defend" param1="value1" param2="value2" time="1"/>
<basic_node label="position" param1="value1" param2="value2" time="1"/>
</node_path_1>
<node_path_2 label="withoutball" param1="value1" param2="value2" time="2">
<basic_node label="root" param1="value1" param2="value2" time="2"/>
<basic_node label="defend" param1="value1" param2="value2" time="2"/>
<basic_node label="turn" param1="value1" param2="value2" time="2"/>
<basic_node label="withoutball" param1="value1" param2="value2" time="2"/>
</node_path_2>
<node_path_3 label="clear" param1="value1" param2="value2" time="3"><basic_node label="root" param1="value1" param2="value2" time="3"/><basic_node label="defend" param1="value1" param2="value2" time="3"/><basic_node label="clear" param1="value1" param2="value2" time="3"/></node_path_3></hypothesis_1></hypotheses>